{
  "peak_infections": {
    "mean": 316.9476625001197,
    "std": 7.042165608905767,
    "min": 308.9840023482442,
    "max": 327.23075200270523,
    "median": 314.1506243455302
  },
  "total_infections": {
    "mean": 948.0702328113393,
    "std": 1.8923654403160475,
    "min": 944.8871083375861,
    "max": 949.6387845426132,
    "median": 948.6748254562702
  },
  "epidemic_duration": {
    "mean": 102.6,
    "std": 0.8944271909999159,
    "min": 101.0,
    "max": 103.0,
    "median": 103.0
  },
  "r0": {
    "mean": 2.9999999999999996,
    "std": 0.0,
    "min": 2.9999999999999996,
    "max": 2.9999999999999996,
    "median": 2.9999999999999996
  }
}