{
  "peak_infections": {
    "mean": 315.935724787338,
    "std": 0.0,
    "min": 315.935724787338,
    "max": 315.935724787338,
    "median": 315.935724787338
  },
  "total_infections": {
    "mean": 947.4051571272537,
    "std": 1.2710574864626038e-13,
    "min": 947.4051571272538,
    "max": 947.4051571272538,
    "median": 947.4051571272538
  },
  "epidemic_duration": {
    "mean": 103.0,
    "std": 0.0,
    "min": 103.0,
    "max": 103.0,
    "median": 103.0
  },
  "r0": {
    "mean": 2.9999999999999996,
    "std": 0.0,
    "min": 2.9999999999999996,
    "max": 2.9999999999999996,
    "median": 2.9999999999999996
  }
}